{
   "device_class" : "controller",
   "device_pid" : 8192,
   "device_serial_number" : "LHR-5D19A671",
   "device_vid" : 10462,
   "firmware_config" : {
      "fsr_grip_A" : -0.254999995,
      "fsr_grip_B" : 0.920000017,
      "fsr_grip_C" : 0.277200013,
      "fsr_grip_D" : 1.408463,
      "fsr_thumb_A" : -0.245000005,
      "fsr_thumb_B" : 0.910000026,
      "fsr_thumb_C" : 0.269199997,
      "fsr_thumb_D" : 1.65564597
   },
   "head" : {
      "plus_x" : [ 0.97946963207312565, 0.021247903815272418, 0.20046886629933758 ],
      "plus_z" : [ -0.17364797890248995, -0.41619795493819628, 0.89253887385233843 ],
      "position" : [ 0.010757000185549259, 0.021780999377369881, -0.042139999568462372 ]
   },
   "imu" : {
      "acc_bias" : [ 0.0479896069, -0.0776925609, 0.0773809254 ],
      "acc_scale" : [ 1.00076449, 0.996238768, 1.00298035 ],
      "gyro_bias" : [ -0.00273738382, 0.0166584346, -0.00533038704 ],
      "plus_x" : [ -0.17015972188657003, -0.76451300222496954, 0.62174398114313334 ],
      "plus_z" : [ 0.98356390608984867, -0.093095425418226796, 0.15471041664190466 ],
      "position" : [ -0.0093050003051757813, -0.058168049901723862, 0.093742668628692627 ]
   },
   "lighthouse_config" : {
      "channelMap" : [ 1, 2, 3, 4, 5, 7, 8, 9, 10, 11, 12, 13, 14, 15, 16, 17, 19, 20, 21, 22, 23, 24, 25 ],
      "modelNormals" : [
         [ 0.850198984, 0.440032184, -0.289020866 ],
         [ 0.220404997, 0.975127101, -0.0234244093 ],
         [ -0.322524011, -0.451440364, -0.831973433 ],
         [ -0.875589013, -0.451440364, -0.171886101 ],
         [ 0.489401996, -0.662636459, 0.566920578 ],
         [ 0.768944979, -0.451440364, -0.452687472 ],
         [ 0.653921008, 0.529708683, 0.540180862 ],
         [ 0.630325973, -0.72037226, -0.289400518 ],
         [ -0.989858985, -0.00273116003, -0.142025113 ],
         [ 0.0886740014, 0.971704185, -0.218924567 ],
         [ 0.546060026, 0.170207202, 0.820272923 ],
         [ 0.119557001, -0.770161927, 0.626543462 ],
         [ -0.58740598, -0.543995202, -0.599185407 ],
         [ -0.045756001, 0.975913823, -0.213304132 ],
         [ 0.738415003, -0.36025849, -0.570049584 ],
         [ -0.892589986, 0.364887804, 0.264838696 ],
         [ 0.0264190007, -0.0978946984, 0.994846046 ],
         [ -0.392096996, -0.0875513032, 0.915748179 ],
         [ 0.109692998, -0.987360537, -0.114396557 ],
         [ -0.59048003, 0.564003646, -0.577263176 ],
         [ 0.287732989, 0.251172274, -0.924187422 ],
         [ 0.994094014, 0.107871443, -0.0118693104 ],
         [ -0.310849011, -0.939182401, -0.145976782 ]
      ],
      "modelPoints" : [
         [ 0.0706944913, 0.0205457881, 0.0299663953 ],
         [ 0.0512641221, 0.0409863181, 0.0209515169 ],
         [ -0.00964121148, -0.0118157379, -0.0254633222 ],
         [ -0.0274668783, -0.0105733946, -0.00559291197 ],
         [ 0.0280483924, -0.0869091973, 0.113518044 ],
         [ 0.0233726557, -0.0115748933, -0.0137852831 ],
         [ 0.0763387829, -0.000667301822, 0.059662208 ],
         [ 0.062361002, -0.0628802776, 0.0849591866 ],
         [ 0.0447481386, 0.0345725901, 0.0158657636 ],
         [ 0.0134248976, -0.00186732865, -0.0145500824 ],
         [ 0.0609706566, -0.0510235243, 0.0990824103 ],
         [ -0.0086630825, -0.0974307358, 0.118993916 ],
         [ -0.0241059624, -0.0839609206, 0.0923537984 ],
         [ -0.0157720428, -0.00214148685, -0.0144655006 ],
         [ 0.0776365772, -0.0125077721, 0.0453023426 ],
         [ -0.0271622688, -0.0656627789, 0.0961389765 ],
         [ 0.000147797473, -0.0865911841, 0.123137325 ],
         [ -0.0393361971, -0.090293847, 0.120724782 ],
         [ 0.00133011921, -0.0986026227, 0.10867098 ],
         [ -0.0427904092, -0.0905840173, 0.109364502 ],
         [ 0.0520716421, 0.0325249843, 0.0105248941 ],
         [ 0.0814860761, -0.0125471558, 0.057675574 ],
         [ -0.0382693894, -0.100157216, 0.108438037 ]
      ]
   },
   "manufacturer" : "Valve",
   "model_number" : "Knuckles Right",
   "render_model" : "{knuckles}valve_controller_knu_1_0_right",
   "resource_root" : "knuckles",
   "revision" : 6,
   "tracked_controller_role" : "right_hand"
}
