{
   "device_class" : "controller",
   "device_pid" : 8192,
   "device_serial_number" : "LHR-EDDB0C3E",
   "device_vid" : 10462,
   "firmware_config" : {
      "fsr_grip_A" : -0.254999995,
      "fsr_grip_B" : 0.920000017,
      "fsr_grip_C" : 0.277200013,
      "fsr_grip_D" : 1.36915004,
      "fsr_thumb_A" : -0.245000005,
      "fsr_thumb_B" : 0.910000026,
      "fsr_thumb_C" : 0.269199997,
      "fsr_thumb_D" : 0.954770684
   },
   "head" : {
      "plus_x" : [ 0.97941291292157884, -0.021750091629414881, -0.20069200086607342 ],
      "plus_z" : [ 0.17364797537539733, -0.41619794804807048, 0.8925388770786421 ],
      "position" : [ -0.010757000185549259, 0.021780999377369881, -0.042139999568462372 ]
   },
   "imu" : {
      "acc_bias" : [ -0.0192363411, -0.0611255392, -0.0691579133 ],
      "acc_scale" : [ 1.00106049, 0.998920739, 0.999734521 ],
      "gyro_bias" : [ -0.00149422837, 0.0161499716, -0.00114088727 ],
      "plus_x" : [ 0.060396608014746889, 0.6378505102004226, 0.76778838746672839 ],
      "plus_z" : [ -0.98356391088582917, -0.093095375531412117, 0.15471041542835984 ],
      "position" : [ 0.0093050003051757813, -0.058168049901723862, 0.093742668628692627 ]
   },
   "lighthouse_config" : {
      "channelMap" : [ 20, 13, 24, 6, 14, 2, 21, 16, 1, 4, 19, 12, 9, 15, 3, 7, 17, 18, 10, 23, 22, 5, 8 ],
      "modelNormals" : [
         [ -0.850198984, 0.440032184, -0.289020866 ],
         [ -0.220404997, 0.975127101, -0.0234244093 ],
         [ 0.322524011, -0.451440364, -0.831973433 ],
         [ 0.875589013, -0.451440364, -0.171886101 ],
         [ -0.489401996, -0.662636459, 0.566920578 ],
         [ -0.768944979, -0.451440364, -0.452687472 ],
         [ -0.653921008, 0.529708683, 0.540180862 ],
         [ -0.630325973, -0.72037226, -0.289400518 ],
         [ 0.989858985, -0.00273116003, -0.142025113 ],
         [ -0.0886740014, 0.971704185, -0.218924567 ],
         [ -0.546060026, 0.170207202, 0.820272923 ],
         [ -0.119557001, -0.770161927, 0.626543462 ],
         [ 0.58740598, -0.543995202, -0.599185407 ],
         [ 0.045756001, 0.975913823, -0.213304132 ],
         [ -0.738415003, -0.36025849, -0.570049584 ],
         [ 0.892589986, 0.364887804, 0.264838696 ],
         [ -0.0264190007, -0.0978946984, 0.994846046 ],
         [ 0.392096996, -0.0875513032, 0.915748179 ],
         [ -0.109692998, -0.987360537, -0.114396557 ],
         [ 0.59048003, 0.564003646, -0.577263176 ],
         [ -0.287732989, 0.251172274, -0.924187422 ],
         [ -0.994094014, 0.107871443, -0.0118693104 ],
         [ 0.310849011, -0.939182401, -0.145976782 ]
      ],
      "modelPoints" : [
         [ -0.0706304237, 0.020614218, 0.0303202458 ],
         [ -0.0512204841, 0.0408123061, 0.021068085 ],
         [ 0.00960633066, -0.0118182544, -0.0257888958 ],
         [ 0.0275406688, -0.0106400046, -0.00580247445 ],
         [ -0.028162105, -0.0871249065, 0.113259159 ],
         [ -0.0232401006, -0.0117122335, -0.0139495786 ],
         [ -0.0763148516, -0.000774119515, 0.0600999296 ],
         [ -0.0624142587, -0.0628521517, 0.0849145427 ],
         [ -0.0446089543, 0.0344496779, 0.015733473 ],
         [ -0.0133001953, -0.00167968159, -0.0147642959 ],
         [ -0.0612569675, -0.0511151254, 0.0993280485 ],
         [ 0.00859715883, -0.0973841548, 0.118869208 ],
         [ 0.0235942639, -0.083872132, 0.0922244415 ],
         [ 0.015791053, -0.00192615611, -0.0147447959 ],
         [ -0.077333048, -0.0125323068, 0.0453276262 ],
         [ 0.0271361638, -0.0653841048, 0.0959628969 ],
         [ -0.000234513456, -0.086855568, 0.123141631 ],
         [ 0.0392501876, -0.0901592299, 0.12086235 ],
         [ -0.00139849598, -0.0984361842, 0.108679585 ],
         [ 0.0430358909, -0.0905862004, 0.109581821 ],
         [ -0.052110225, 0.0324228331, 0.0107238656 ],
         [ -0.0814254358, -0.0126390075, 0.057724271 ],
         [ 0.0383899324, -0.0999855846, 0.108690597 ]
      ]
   },
   "manufacturer" : "Valve",
   "model_number" : "Knuckles Left",
   "render_model" : "{knuckles}valve_controller_knu_1_0_left",
   "resource_root" : "knuckles",
   "revision" : 5,
   "tracked_controller_role" : "left_hand"
}
